titulo,precio_min,precio_max,moq,empresa,ubicacion,miembro_diamante,link,plataforma,pagina,fecha_scraping
"Camisas tipo polo para hombres con elementos de fútbol y golf, algodón cómodo",6.4,8.8,"US$ 6,4-8,8 / Pieza (Precio FOB)","Guangzhou Overseas Elephant Clothing Co., Ltd.","Guangdong, China",True,https://es.made-in-china.com/co_overseaselephant/product_Men-s-VW-Style-Polo-Shirts-Polo-with-Soccer-Golf-Elements-Comfortable-Cotton_yuosrynegg.html,Made-in-China,1,2025-05-21
Polo de algodón unisex 100% con logo personalizado,0.89,3.29,"US$ 0,89-3,29 / PCS (Precio FOB)","NANCHANG LANGMAI CLOTHING CO., LTD.",Sin ubicación,False,https://es.made-in-china.com/co_langmai/product_Unisex-100-Cotton-Men-Polo-with-Customize-Logo_ysyrgsnisg.html,Made-in-China,1,2025-05-21
Fábrica OEM Popular Camisetas de Algodón para Hombres,4.3,5.0,"US$ 4,3-5,00 / Piece (Precio FOB)","Quanzhou Zonse Garment Co., Ltd.",Sin ubicación,False,https://es.made-in-china.com/co_underwear-zonse/product_OEM-Factory-Popular-Mens-Cotton-Polos_yshyrynhsg.html,Made-in-China,1,2025-05-21
"Camisetas de algodón 100% de alta calidad para hombres, camisetas pesadas y de gran tamaño, impresión de polos personalizados para hombres",3.73,5.59,"US$ 3,73-5,59 / pcs (Precio FOB)","Ganzhou Yunshen Trading Co., Ltd",Sin ubicación,False,https://es.made-in-china.com/co_yunshengarments/product_High-Quality-100-Cotton-Blank-Men-s-T-Shirts-Heavyweight-Oversized-Tshirt-Printing-Custom-Polos-for-Men_ysrniiegny.html,Made-in-China,1,2025-05-21
Logos personalizados para el polo de golf de secado rápido Slim-Fit para hombre,2.98,10.31,"US$ 2,98-10,31 / Pieza (Precio FOB)","Yancheng Chimei Apparel Co., Ltd.",Sin ubicación,True,https://es.made-in-china.com/co_chimei/product_Custom-Wholesale-Cotton-Pique-Men-Durable-Polo-Shirt_yuhrhoyihg.html,Made-in-China,1,2025-05-21
Camisa polo de algodón clásico a rayas de colores para hombres y mujeres,7.23,7.23,"US$ 7,23 / pieces (Precio FOB)","Yangxi County Huang Guanzhi Manufacturing Clothing Co., Ltd.","Guangdong, China",True,https://es.made-in-china.com/co_huangguanhat/product_Classic-Cotton-Color-Block-Polo-Shirt-for-Men-and-Women_yurryheurg.html,Made-in-China,1,2025-05-21
"Camisas de polo casuales para hombres al por mayor, de talla grande, de manga corta, transpirables, camisas deportivas de alta calidad, de poliéster y algodón, camisas de polo de gran tamaño",3.8,7.8,"US$ 3,8-7,8 / Pieza (Precio FOB)",Fushun Nxcaps Clothing Company Limited,Sin ubicación,True,https://es.made-in-china.com/co_fscaps/product_Wholesale-Casual-Men-s-Polo-Shirts-Plus-Size-Short-Sleeve-Breathable-Sports-Shirts-High-Quality-Polyester-Cotton-Oversized-Polo-Shirts_ysrhyerney.html,Made-in-China,1,2025-05-21
Diseño de Logo Personalizado para Uniforme de Golf 95% Camisa Polo de Algodón 5% Spandex,4.0,8.0,"US$ 4,00-8,00 / Pieza (Precio FOB)",Yancheng City Zhou Chi Imp. & Exp. Co. Ltd.,Sin ubicación,True,https://es.made-in-china.com/co_zhouchi888/product_Custom-Print-Logo-Design-Golf-Uniform-95-Cotton-5-Sapndex-Polo-Shirt_uooosrrueg.html,Made-in-China,1,2025-05-21
"100%Cotton Ropa de trabajo de supermercado Pique, uniforme de centro comercial, traje, polo",4.0,10.0,"US$ 4,00-10,00 / Set (Precio FOB)","Nuolang (Guangdong) Garment Industry Co., Ltd.",Sin ubicación,True,https://es.made-in-china.com/co_nuolang2021/product_100-Cotton-Pique-Supermarket-Work-Wear-Clothing-Shopping-Mall-Uniform-Clothes-Suit-Polo_uonseernog.html,Made-in-China,1,2025-05-21
Camiseta polo de algodón oversize para niños y niñas de moda OEM,3.2,3.8,"US$ 3,2-3,8 / Pieza (Precio FOB)","Jonny(Guangzhou) Clothing Co., Ltd.",Sin ubicación,True,https://es.made-in-china.com/co_chinaxinyu/product_OEM-Fashion-Boys-Girls-Cotton-Oversize-Polo-Shirt_yssgshgohg.html,Made-in-China,1,2025-05-21
Venta Caliente 100% Camisa Polo de Hombre de Manga Corta de Tela de Algodón Transpirable a Rayas Rugosas Ropa de Negocios Camiseta Polo con Logo Personalizado,3.49,7.29,"US$ 3,49-7,29 / Pieza (Precio FOB)","Jiangxi Greenland Import and Export Co., Ltd.",Sin ubicación,True,https://es.made-in-china.com/co_greenlandclothing/product_Hot-Sale-100-Cotton-Breathable-Fabric-Short-Sleeve-Rough-Striped-Men-Polo-Shirt-Business-Wear-Custom-Logo-Polo_ouighhnig.html,Made-in-China,1,2025-05-21
Sudadera con Capucha Polo Personalizada 100%Cotton Sudadera Polo con Media Cremallera para Hombre Sudadera Polo con Cremallera Cuartas para Hombre Polos Deportivos con Cremallera para Hombre,6.5,9.0,"US$ 6,5-9,00 / Pieza (Precio FOB)",Guangzhou New Apparel Trade Company Limited,Sin ubicación,True,https://es.made-in-china.com/co_newapparel/product_Custom-Logo-100-Cotton-Polo-Zip-Sweatshirt-Hoodie-Men-Half-Zip-up-Men-Polo-Sweatshirt-Quarter-Zip-Sports-Polos-Zipper-Polo-Men_ysnurrusuy.html,Made-in-China,1,2025-05-21
"La más alta calidad 100% algodón Camiseta Polo en Guangzhou, China",4.9,5.8,"US$ 4,9-5,8 / Pieza (Precio FOB)","Guangzhou Standford Garment Co., Ltd.",Sin ubicación,False,https://es.made-in-china.com/co_cnstandford/product_Top-Quality-Cotton-100-T-Shirt-Polo-Made-in-Guangzhou-China_eyrohrooy.html,Made-in-China,1,2025-05-21
Personaliza tu marca con polo de golf de alta calidad de algodón y poliéster,2.2,3.2,"US$ 2,2-3,2 / pieces (Precio FOB)","Nanchang Hot Fashion Co., Ltd.",Sin ubicación,True,https://es.made-in-china.com/co_rehuosport/product_Custom-Your-Brand-High-Quality-Cotton-Polyester-Golf-Polo_yunogehnng.html,Made-in-China,1,2025-05-21
"Camisetas de golf de tela piqué 100% camisetas de algodón, polos, secado rápido, bordado personalizado, polos sólidos xs para hombres",2.2,4.2,"US$ 2,2-4,2 / piece (Precio FOB)","Fuzhou Ruffonda E-commerce Co., Ltd.",Sin ubicación,True,https://es.made-in-china.com/co_fuzhouruifengda/product_Golf-Shirts-Wear-Pique-Fabric-100-Cotton-T-Shirts-Polo-Shirts-Quick-Dry-Custom-Embroidery-Poloshirts-Solid-Xs-Polos-for-Men_yuuhniyryn.html,Made-in-China,1,2025-05-21
Camisa Polo de Golf de Algodón en Blanco para Bordado de Alta Calidad Personalizada Cuello Alto para Hombre,15.0,35.0,"US$ 15,00-35,00 / Pieza (Precio FOB)","Guangzhou CeWei Technology Co., Ltd",Sin ubicación,True,https://es.made-in-china.com/co_gzcewei/product_Cotton-Golf-Polo-Shirt-Blank-Embroidery-High-Quality-Custom-Turtleneck-Men-s-Polo-Shir_yuhunyyoyg.html,Made-in-China,1,2025-05-21
Camiseta polo de manga corta de algodón poliéster con iones de plata,7.95,9.95,"US$ 7,95-9,95 / Pieza (Precio FOB)","Suzhou DASNO Textile Trading Co., Ltd.",Sin ubicación,False,https://es.made-in-china.com/co_dasno345/product_Silver-Ion-Cotton-Polyester-Short-Sleeve-Polo-T-Shrit_ysuronrsig.html,Made-in-China,1,2025-05-21
Camisa polo de algodón piqué de secado rápido de manga corta directamente de fábrica con logo personalizado,5.9,7.9,"US$ 5,9-7,9 / pc (Precio FOB)","Jiangxi Fitgoo Apparel Co., Ltd.",Sin ubicación,False,https://es.made-in-china.com/co_fitgoo/product_Factory-Direct-Pique-Cotton-Quick-Drying-Short-Sleeve-Polo-Shirt-with-Customized-Logo_yuenuyueeg.html,Made-in-China,1,2025-05-21
75% Camiseta Polo de Golf de Algodón Piqué con Cuello Bicolor para Estudiantes y Adultos,1.0,3.0,"US$ 1,00-3,00 / Pieza (Precio FOB)","Ningbo LY Industry Co., Ltd.",Sin ubicación,True,https://es.made-in-china.com/co_ningboly/product_75-Cotton-Pique-Two-Tone-Collar-T-Shirt-Golf-Polo-for-Students-and-Adults_yuonegging.html,Made-in-China,1,2025-05-21
"Camiseta polo de algodón puro de hombre, de cuello y manga corta, casual de negocios",5.9,6.5,"US$ 5,9-6,5 / Pieza (Precio FOB)",Shenyang Shenhe Yiming Department Stores,Sin ubicación,False,https://es.made-in-china.com/co_yimingstore/product_Men-s-Collar-Short-Sleeved-Business-Casual-Pure-Cotton-T-Shirt-Polo-Shirt_ysreeoiniy.html,Made-in-China,1,2025-05-21
"Impresión o bordado de logotipo personalizado al por mayor para hombres, uniforme liso en blanco 100 de algodón poliéster, camisetas polo de golf por sublimación",2.98,3.99,"US$ 2,98-3,99 / Pieza (Precio FOB)","Guangzhou Vision Clothing Co., Ltd.",Sin ubicación,True,https://es.made-in-china.com/co_unit100/product_Wholesale-Custom-Printing-or-Embroidery-Logo-Men-Uniform-Plain-Blank-100-Cotton-Polyester-Sublimation-Golf-Polo-Shirts_yssyyoyoeg.html,Made-in-China,1,2025-05-21
Polo Casual para Adultos de Algodón Jersey Teñido en Hilo con Cuello Woven de Peso Medio 180GSM Función de Absorción,4.0,5.0,"US$ 4,00-5,00 / pcs (Precio FOB)","Qingdao Chuang Jie Apparel Co., Ltd.",Sin ubicación,False,https://es.made-in-china.com/co_qdchuangjie/product_Wholesale-Yarn-Dyed-Cotton-Jersey-Woven-Collar-Medium-Weight-180GSM-Wicking-Function-Adult-Men-Casual-Polo_ehouseruy.html,Made-in-China,1,2025-05-21
2025 Nueva Polo de Hombre de Algodón Puro Suelto para Conducción de Alta Gama,,,100 Piezas (MOQ),Baoji High-Tech Development Zone Jixulin Clothing Store,Sin ubicación,False,https://es.made-in-china.com/co_jixulin-clothing/product_2025-New-High-End-Commuting-Lapel-Loosepure-Cotton-Men-s-Polo_yuohgrhyng.html,Made-in-China,1,2025-05-21
Polo jersey de algodón promocional bordado con logo personalizado en amarillo y negro con contraste de color,0.5,1.0,"US$ 0,5-1,00 / Pieza (Precio FOB)","Zhenjiang Bossen International Co., Ltd.",Sin ubicación,False,https://es.made-in-china.com/co_bossentextile/product_OEM-Custom-Logo-Embroidered-Printed-Promotional-Yellow-Black-Contrasted-Color-Cotton-Worksheet-Polo-Jersey_ysrghuoesy.html,Made-in-China,1,2025-05-21
Camisa polo de manga larga de algodón piqué con logotipo o marca bordada personalizada,7.0,15.0,"US$ 7,00-15,00 / Pieza (Precio FOB)","Foshan Dopoo Sportswear Co., Ltd.",Sin ubicación,True,https://es.made-in-china.com/co_dopoosports/product_Long-Sleeves-Polo-Shirt-Cotton-Pique-Farbic-Polos-with-Custom-Embroidered-Logo-or-Brand_yssiriugsg.html,Made-in-China,1,2025-05-21
Camisa Polo de Golf Personalizada para Hombres - Mezcla de Algodón,29.8,30.0,"US$ 29,8-30,00 / piece (Precio FOB)","Ningbo Xinmu Clothing Co., Ltd","Zhejiang, China",False,https://es.made-in-china.com/co_nbxmfs/product_Custom-Logo-Golf-Polo-T-Shirt-for-Men-Cotton-Blend_yshernoryy.html,Made-in-China,1,2025-05-21
Polo clásico de algodón personalizado para hombres al por mayor con diseño de logo personalizable,20.0,20.0,"US$ 20,00 / Pieza (Precio FOB)","Faqiao Garments (Shanghai) Co., Ltd.",Sin ubicación,False,https://es.made-in-china.com/co_tailor-made/product_Wholesale-Men-prime-S-Custom-Cotton-Classic-Customizable-Logo-Design-Polo_uoesihniiu.html,Made-in-China,1,2025-05-21
Camisa polo de manga larga de algodón y poliéster personalizada para hombres,4.68,7.89,"US$ 4,68-7,89 / Pieza (Precio FOB)","Guangzhou Colorful Clothing Co., Ltd.",Sin ubicación,False,https://es.made-in-china.com/co_ccolorful/product_Custom-Long-Sleeve-Cotton-Polyester-Polo-T-Shirt-Golf-Polo-for-Men_uonissgrgg.html,Made-in-China,1,2025-05-21
Camisa Polo de Algodón Retro Americana Personalizada 240g para Hombres,7.15,9.15,"US$ 7,15-9,15 / Pieza (Precio FOB)",Zhongshan Hai Lung Garment Company Limited,Sin ubicación,False,https://es.made-in-china.com/co_dragonuniform/product_Custom-240g-American-Retro-Cotton-Polo-Shirt-for-Men_yunhsenyog.html,Made-in-China,1,2025-05-21
"240GSM Camiseta Polo Roja en Blanco para Mujeres y Hombres, Camiseta de Algodón para Hombres",7.08,7.55,"US$ 7,08-7,55 / Pieza (Precio FOB)","Guangzhou City Basic Clothing Co.,Ltd",Sin ubicación,True,https://es.made-in-china.com/co_basicclothing/product_240GSM-Oversized-Blank-Women-Men-Red-Polo-Print-T-Tee-Shirt-Men-Cotton-Pour-Hommes-Polo_yuisurirog.html,Made-in-China,1,2025-05-21
"Camisas tipo polo para hombres con elementos de fútbol y golf, algodón cómodo",6.4,8.8,"US$ 6,4-8,8 / Pieza (Precio FOB)","Guangzhou Overseas Elephant Clothing Co., Ltd.","Guangdong, China",True,https://es.made-in-china.com/co_overseaselephant/product_Men-s-VW-Style-Polo-Shirts-Polo-with-Soccer-Golf-Elements-Comfortable-Cotton_yuosrynegg.html,Made-in-China,2,2025-05-21
Polo de algodón unisex 100% con logo personalizado,0.89,3.29,"US$ 0,89-3,29 / PCS (Precio FOB)","NANCHANG LANGMAI CLOTHING CO., LTD.",Sin ubicación,False,https://es.made-in-china.com/co_langmai/product_Unisex-100-Cotton-Men-Polo-with-Customize-Logo_ysyrgsnisg.html,Made-in-China,2,2025-05-21
Fábrica OEM Popular Camisetas de Algodón para Hombres,4.3,5.0,"US$ 4,3-5,00 / Piece (Precio FOB)","Quanzhou Zonse Garment Co., Ltd.",Sin ubicación,False,https://es.made-in-china.com/co_underwear-zonse/product_OEM-Factory-Popular-Mens-Cotton-Polos_yshyrynhsg.html,Made-in-China,2,2025-05-21
"Camisetas de algodón 100% de alta calidad para hombres, camisetas pesadas y de gran tamaño, impresión de polos personalizados para hombres",3.73,5.59,"US$ 3,73-5,59 / pcs (Precio FOB)","Ganzhou Yunshen Trading Co., Ltd",Sin ubicación,False,https://es.made-in-china.com/co_yunshengarments/product_High-Quality-100-Cotton-Blank-Men-s-T-Shirts-Heavyweight-Oversized-Tshirt-Printing-Custom-Polos-for-Men_ysrniiegny.html,Made-in-China,2,2025-05-21
Logos personalizados para el polo de golf de secado rápido Slim-Fit para hombre,2.98,10.31,"US$ 2,98-10,31 / Pieza (Precio FOB)","Yancheng Chimei Apparel Co., Ltd.",Sin ubicación,True,https://es.made-in-china.com/co_chimei/product_Custom-Wholesale-Cotton-Pique-Men-Durable-Polo-Shirt_yuhrhoyihg.html,Made-in-China,2,2025-05-21
Camisa polo de algodón clásico a rayas de colores para hombres y mujeres,7.23,7.23,"US$ 7,23 / pieces (Precio FOB)","Yangxi County Huang Guanzhi Manufacturing Clothing Co., Ltd.","Guangdong, China",True,https://es.made-in-china.com/co_huangguanhat/product_Classic-Cotton-Color-Block-Polo-Shirt-for-Men-and-Women_yurryheurg.html,Made-in-China,2,2025-05-21
"Camisas de polo casuales para hombres al por mayor, de talla grande, de manga corta, transpirables, camisas deportivas de alta calidad, de poliéster y algodón, camisas de polo de gran tamaño",3.8,7.8,"US$ 3,8-7,8 / Pieza (Precio FOB)",Fushun Nxcaps Clothing Company Limited,Sin ubicación,True,https://es.made-in-china.com/co_fscaps/product_Wholesale-Casual-Men-s-Polo-Shirts-Plus-Size-Short-Sleeve-Breathable-Sports-Shirts-High-Quality-Polyester-Cotton-Oversized-Polo-Shirts_ysrhyerney.html,Made-in-China,2,2025-05-21
Diseño de Logo Personalizado para Uniforme de Golf 95% Camisa Polo de Algodón 5% Spandex,4.0,8.0,"US$ 4,00-8,00 / Pieza (Precio FOB)",Yancheng City Zhou Chi Imp. & Exp. Co. Ltd.,Sin ubicación,True,https://es.made-in-china.com/co_zhouchi888/product_Custom-Print-Logo-Design-Golf-Uniform-95-Cotton-5-Sapndex-Polo-Shirt_uooosrrueg.html,Made-in-China,2,2025-05-21
"100%Cotton Ropa de trabajo de supermercado Pique, uniforme de centro comercial, traje, polo",4.0,10.0,"US$ 4,00-10,00 / Set (Precio FOB)","Nuolang (Guangdong) Garment Industry Co., Ltd.",Sin ubicación,True,https://es.made-in-china.com/co_nuolang2021/product_100-Cotton-Pique-Supermarket-Work-Wear-Clothing-Shopping-Mall-Uniform-Clothes-Suit-Polo_uonseernog.html,Made-in-China,2,2025-05-21
Camiseta polo de algodón oversize para niños y niñas de moda OEM,3.2,3.8,"US$ 3,2-3,8 / Pieza (Precio FOB)","Jonny(Guangzhou) Clothing Co., Ltd.",Sin ubicación,True,https://es.made-in-china.com/co_chinaxinyu/product_OEM-Fashion-Boys-Girls-Cotton-Oversize-Polo-Shirt_yssgshgohg.html,Made-in-China,2,2025-05-21
Venta Caliente 100% Camisa Polo de Hombre de Manga Corta de Tela de Algodón Transpirable a Rayas Rugosas Ropa de Negocios Camiseta Polo con Logo Personalizado,3.49,7.29,"US$ 3,49-7,29 / Pieza (Precio FOB)","Jiangxi Greenland Import and Export Co., Ltd.",Sin ubicación,True,https://es.made-in-china.com/co_greenlandclothing/product_Hot-Sale-100-Cotton-Breathable-Fabric-Short-Sleeve-Rough-Striped-Men-Polo-Shirt-Business-Wear-Custom-Logo-Polo_ouighhnig.html,Made-in-China,2,2025-05-21
Sudadera con Capucha Polo Personalizada 100%Cotton Sudadera Polo con Media Cremallera para Hombre Sudadera Polo con Cremallera Cuartas para Hombre Polos Deportivos con Cremallera para Hombre,6.5,9.0,"US$ 6,5-9,00 / Pieza (Precio FOB)",Guangzhou New Apparel Trade Company Limited,Sin ubicación,True,https://es.made-in-china.com/co_newapparel/product_Custom-Logo-100-Cotton-Polo-Zip-Sweatshirt-Hoodie-Men-Half-Zip-up-Men-Polo-Sweatshirt-Quarter-Zip-Sports-Polos-Zipper-Polo-Men_ysnurrusuy.html,Made-in-China,2,2025-05-21
"La más alta calidad 100% algodón Camiseta Polo en Guangzhou, China",4.9,5.8,"US$ 4,9-5,8 / Pieza (Precio FOB)","Guangzhou Standford Garment Co., Ltd.",Sin ubicación,False,https://es.made-in-china.com/co_cnstandford/product_Top-Quality-Cotton-100-T-Shirt-Polo-Made-in-Guangzhou-China_eyrohrooy.html,Made-in-China,2,2025-05-21
Personaliza tu marca con polo de golf de alta calidad de algodón y poliéster,2.2,3.2,"US$ 2,2-3,2 / pieces (Precio FOB)","Nanchang Hot Fashion Co., Ltd.",Sin ubicación,True,https://es.made-in-china.com/co_rehuosport/product_Custom-Your-Brand-High-Quality-Cotton-Polyester-Golf-Polo_yunogehnng.html,Made-in-China,2,2025-05-21
"Camisetas de golf de tela piqué 100% camisetas de algodón, polos, secado rápido, bordado personalizado, polos sólidos xs para hombres",2.2,4.2,"US$ 2,2-4,2 / piece (Precio FOB)","Fuzhou Ruffonda E-commerce Co., Ltd.",Sin ubicación,True,https://es.made-in-china.com/co_fuzhouruifengda/product_Golf-Shirts-Wear-Pique-Fabric-100-Cotton-T-Shirts-Polo-Shirts-Quick-Dry-Custom-Embroidery-Poloshirts-Solid-Xs-Polos-for-Men_yuuhniyryn.html,Made-in-China,2,2025-05-21
Camisa Polo de Golf de Algodón en Blanco para Bordado de Alta Calidad Personalizada Cuello Alto para Hombre,15.0,35.0,"US$ 15,00-35,00 / Pieza (Precio FOB)","Guangzhou CeWei Technology Co., Ltd",Sin ubicación,True,https://es.made-in-china.com/co_gzcewei/product_Cotton-Golf-Polo-Shirt-Blank-Embroidery-High-Quality-Custom-Turtleneck-Men-s-Polo-Shir_yuhunyyoyg.html,Made-in-China,2,2025-05-21
Camiseta polo de manga corta de algodón poliéster con iones de plata,7.95,9.95,"US$ 7,95-9,95 / Pieza (Precio FOB)","Suzhou DASNO Textile Trading Co., Ltd.",Sin ubicación,False,https://es.made-in-china.com/co_dasno345/product_Silver-Ion-Cotton-Polyester-Short-Sleeve-Polo-T-Shrit_ysuronrsig.html,Made-in-China,2,2025-05-21
Camisa polo de algodón piqué de secado rápido de manga corta directamente de fábrica con logo personalizado,5.9,7.9,"US$ 5,9-7,9 / pc (Precio FOB)","Jiangxi Fitgoo Apparel Co., Ltd.",Sin ubicación,False,https://es.made-in-china.com/co_fitgoo/product_Factory-Direct-Pique-Cotton-Quick-Drying-Short-Sleeve-Polo-Shirt-with-Customized-Logo_yuenuyueeg.html,Made-in-China,2,2025-05-21
75% Camiseta Polo de Golf de Algodón Piqué con Cuello Bicolor para Estudiantes y Adultos,1.0,3.0,"US$ 1,00-3,00 / Pieza (Precio FOB)","Ningbo LY Industry Co., Ltd.",Sin ubicación,True,https://es.made-in-china.com/co_ningboly/product_75-Cotton-Pique-Two-Tone-Collar-T-Shirt-Golf-Polo-for-Students-and-Adults_yuonegging.html,Made-in-China,2,2025-05-21
"Camiseta polo de algodón puro de hombre, de cuello y manga corta, casual de negocios",5.9,6.5,"US$ 5,9-6,5 / Pieza (Precio FOB)",Shenyang Shenhe Yiming Department Stores,Sin ubicación,False,https://es.made-in-china.com/co_yimingstore/product_Men-s-Collar-Short-Sleeved-Business-Casual-Pure-Cotton-T-Shirt-Polo-Shirt_ysreeoiniy.html,Made-in-China,2,2025-05-21
"Impresión o bordado de logotipo personalizado al por mayor para hombres, uniforme liso en blanco 100 de algodón poliéster, camisetas polo de golf por sublimación",2.98,3.99,"US$ 2,98-3,99 / Pieza (Precio FOB)","Guangzhou Vision Clothing Co., Ltd.",Sin ubicación,True,https://es.made-in-china.com/co_unit100/product_Wholesale-Custom-Printing-or-Embroidery-Logo-Men-Uniform-Plain-Blank-100-Cotton-Polyester-Sublimation-Golf-Polo-Shirts_yssyyoyoeg.html,Made-in-China,2,2025-05-21
Polo Casual para Adultos de Algodón Jersey Teñido en Hilo con Cuello Woven de Peso Medio 180GSM Función de Absorción,4.0,5.0,"US$ 4,00-5,00 / pcs (Precio FOB)","Qingdao Chuang Jie Apparel Co., Ltd.",Sin ubicación,False,https://es.made-in-china.com/co_qdchuangjie/product_Wholesale-Yarn-Dyed-Cotton-Jersey-Woven-Collar-Medium-Weight-180GSM-Wicking-Function-Adult-Men-Casual-Polo_ehouseruy.html,Made-in-China,2,2025-05-21
2025 Nueva Polo de Hombre de Algodón Puro Suelto para Conducción de Alta Gama,,,100 Piezas (MOQ),Baoji High-Tech Development Zone Jixulin Clothing Store,Sin ubicación,False,https://es.made-in-china.com/co_jixulin-clothing/product_2025-New-High-End-Commuting-Lapel-Loosepure-Cotton-Men-s-Polo_yuohgrhyng.html,Made-in-China,2,2025-05-21
Polo jersey de algodón promocional bordado con logo personalizado en amarillo y negro con contraste de color,0.5,1.0,"US$ 0,5-1,00 / Pieza (Precio FOB)","Zhenjiang Bossen International Co., Ltd.",Sin ubicación,False,https://es.made-in-china.com/co_bossentextile/product_OEM-Custom-Logo-Embroidered-Printed-Promotional-Yellow-Black-Contrasted-Color-Cotton-Worksheet-Polo-Jersey_ysrghuoesy.html,Made-in-China,2,2025-05-21
Camisa polo de manga larga de algodón piqué con logotipo o marca bordada personalizada,7.0,15.0,"US$ 7,00-15,00 / Pieza (Precio FOB)","Foshan Dopoo Sportswear Co., Ltd.",Sin ubicación,True,https://es.made-in-china.com/co_dopoosports/product_Long-Sleeves-Polo-Shirt-Cotton-Pique-Farbic-Polos-with-Custom-Embroidered-Logo-or-Brand_yssiriugsg.html,Made-in-China,2,2025-05-21
Camisa Polo de Golf Personalizada para Hombres - Mezcla de Algodón,29.8,30.0,"US$ 29,8-30,00 / piece (Precio FOB)","Ningbo Xinmu Clothing Co., Ltd","Zhejiang, China",False,https://es.made-in-china.com/co_nbxmfs/product_Custom-Logo-Golf-Polo-T-Shirt-for-Men-Cotton-Blend_yshernoryy.html,Made-in-China,2,2025-05-21
Polo clásico de algodón personalizado para hombres al por mayor con diseño de logo personalizable,20.0,20.0,"US$ 20,00 / Pieza (Precio FOB)","Faqiao Garments (Shanghai) Co., Ltd.",Sin ubicación,False,https://es.made-in-china.com/co_tailor-made/product_Wholesale-Men-prime-S-Custom-Cotton-Classic-Customizable-Logo-Design-Polo_uoesihniiu.html,Made-in-China,2,2025-05-21
Camisa polo de manga larga de algodón y poliéster personalizada para hombres,4.68,7.89,"US$ 4,68-7,89 / Pieza (Precio FOB)","Guangzhou Colorful Clothing Co., Ltd.",Sin ubicación,False,https://es.made-in-china.com/co_ccolorful/product_Custom-Long-Sleeve-Cotton-Polyester-Polo-T-Shirt-Golf-Polo-for-Men_uonissgrgg.html,Made-in-China,2,2025-05-21
Camisa Polo de Algodón Retro Americana Personalizada 240g para Hombres,7.15,9.15,"US$ 7,15-9,15 / Pieza (Precio FOB)",Zhongshan Hai Lung Garment Company Limited,Sin ubicación,False,https://es.made-in-china.com/co_dragonuniform/product_Custom-240g-American-Retro-Cotton-Polo-Shirt-for-Men_yunhsenyog.html,Made-in-China,2,2025-05-21
"240GSM Camiseta Polo Roja en Blanco para Mujeres y Hombres, Camiseta de Algodón para Hombres",7.08,7.55,"US$ 7,08-7,55 / Pieza (Precio FOB)","Guangzhou City Basic Clothing Co.,Ltd",Sin ubicación,True,https://es.made-in-china.com/co_basicclothing/product_240GSM-Oversized-Blank-Women-Men-Red-Polo-Print-T-Tee-Shirt-Men-Cotton-Pour-Hommes-Polo_yuisurirog.html,Made-in-China,2,2025-05-21
"Camisas tipo polo para hombres con elementos de fútbol y golf, algodón cómodo",6.4,8.8,"US$ 6,4-8,8 / Pieza (Precio FOB)","Guangzhou Overseas Elephant Clothing Co., Ltd.","Guangdong, China",True,https://es.made-in-china.com/co_overseaselephant/product_Men-s-VW-Style-Polo-Shirts-Polo-with-Soccer-Golf-Elements-Comfortable-Cotton_yuosrynegg.html,Made-in-China,3,2025-05-21
Polo de algodón unisex 100% con logo personalizado,0.89,3.29,"US$ 0,89-3,29 / PCS (Precio FOB)","NANCHANG LANGMAI CLOTHING CO., LTD.",Sin ubicación,False,https://es.made-in-china.com/co_langmai/product_Unisex-100-Cotton-Men-Polo-with-Customize-Logo_ysyrgsnisg.html,Made-in-China,3,2025-05-21
Fábrica OEM Popular Camisetas de Algodón para Hombres,4.3,5.0,"US$ 4,3-5,00 / Piece (Precio FOB)","Quanzhou Zonse Garment Co., Ltd.",Sin ubicación,False,https://es.made-in-china.com/co_underwear-zonse/product_OEM-Factory-Popular-Mens-Cotton-Polos_yshyrynhsg.html,Made-in-China,3,2025-05-21
"Camisetas de algodón 100% de alta calidad para hombres, camisetas pesadas y de gran tamaño, impresión de polos personalizados para hombres",3.73,5.59,"US$ 3,73-5,59 / pcs (Precio FOB)","Ganzhou Yunshen Trading Co., Ltd",Sin ubicación,False,https://es.made-in-china.com/co_yunshengarments/product_High-Quality-100-Cotton-Blank-Men-s-T-Shirts-Heavyweight-Oversized-Tshirt-Printing-Custom-Polos-for-Men_ysrniiegny.html,Made-in-China,3,2025-05-21
Logos personalizados para el polo de golf de secado rápido Slim-Fit para hombre,2.98,10.31,"US$ 2,98-10,31 / Pieza (Precio FOB)","Yancheng Chimei Apparel Co., Ltd.",Sin ubicación,True,https://es.made-in-china.com/co_chimei/product_Custom-Wholesale-Cotton-Pique-Men-Durable-Polo-Shirt_yuhrhoyihg.html,Made-in-China,3,2025-05-21
Camisa polo de algodón clásico a rayas de colores para hombres y mujeres,7.23,7.23,"US$ 7,23 / pieces (Precio FOB)","Yangxi County Huang Guanzhi Manufacturing Clothing Co., Ltd.","Guangdong, China",True,https://es.made-in-china.com/co_huangguanhat/product_Classic-Cotton-Color-Block-Polo-Shirt-for-Men-and-Women_yurryheurg.html,Made-in-China,3,2025-05-21
"Camisas de polo casuales para hombres al por mayor, de talla grande, de manga corta, transpirables, camisas deportivas de alta calidad, de poliéster y algodón, camisas de polo de gran tamaño",3.8,7.8,"US$ 3,8-7,8 / Pieza (Precio FOB)",Fushun Nxcaps Clothing Company Limited,Sin ubicación,True,https://es.made-in-china.com/co_fscaps/product_Wholesale-Casual-Men-s-Polo-Shirts-Plus-Size-Short-Sleeve-Breathable-Sports-Shirts-High-Quality-Polyester-Cotton-Oversized-Polo-Shirts_ysrhyerney.html,Made-in-China,3,2025-05-21
Diseño de Logo Personalizado para Uniforme de Golf 95% Camisa Polo de Algodón 5% Spandex,4.0,8.0,"US$ 4,00-8,00 / Pieza (Precio FOB)",Yancheng City Zhou Chi Imp. & Exp. Co. Ltd.,Sin ubicación,True,https://es.made-in-china.com/co_zhouchi888/product_Custom-Print-Logo-Design-Golf-Uniform-95-Cotton-5-Sapndex-Polo-Shirt_uooosrrueg.html,Made-in-China,3,2025-05-21
"100%Cotton Ropa de trabajo de supermercado Pique, uniforme de centro comercial, traje, polo",4.0,10.0,"US$ 4,00-10,00 / Set (Precio FOB)","Nuolang (Guangdong) Garment Industry Co., Ltd.",Sin ubicación,True,https://es.made-in-china.com/co_nuolang2021/product_100-Cotton-Pique-Supermarket-Work-Wear-Clothing-Shopping-Mall-Uniform-Clothes-Suit-Polo_uonseernog.html,Made-in-China,3,2025-05-21
Camiseta polo de algodón oversize para niños y niñas de moda OEM,3.2,3.8,"US$ 3,2-3,8 / Pieza (Precio FOB)","Jonny(Guangzhou) Clothing Co., Ltd.",Sin ubicación,True,https://es.made-in-china.com/co_chinaxinyu/product_OEM-Fashion-Boys-Girls-Cotton-Oversize-Polo-Shirt_yssgshgohg.html,Made-in-China,3,2025-05-21
Venta Caliente 100% Camisa Polo de Hombre de Manga Corta de Tela de Algodón Transpirable a Rayas Rugosas Ropa de Negocios Camiseta Polo con Logo Personalizado,3.49,7.29,"US$ 3,49-7,29 / Pieza (Precio FOB)","Jiangxi Greenland Import and Export Co., Ltd.",Sin ubicación,True,https://es.made-in-china.com/co_greenlandclothing/product_Hot-Sale-100-Cotton-Breathable-Fabric-Short-Sleeve-Rough-Striped-Men-Polo-Shirt-Business-Wear-Custom-Logo-Polo_ouighhnig.html,Made-in-China,3,2025-05-21
Sudadera con Capucha Polo Personalizada 100%Cotton Sudadera Polo con Media Cremallera para Hombre Sudadera Polo con Cremallera Cuartas para Hombre Polos Deportivos con Cremallera para Hombre,6.5,9.0,"US$ 6,5-9,00 / Pieza (Precio FOB)",Guangzhou New Apparel Trade Company Limited,Sin ubicación,True,https://es.made-in-china.com/co_newapparel/product_Custom-Logo-100-Cotton-Polo-Zip-Sweatshirt-Hoodie-Men-Half-Zip-up-Men-Polo-Sweatshirt-Quarter-Zip-Sports-Polos-Zipper-Polo-Men_ysnurrusuy.html,Made-in-China,3,2025-05-21
"La más alta calidad 100% algodón Camiseta Polo en Guangzhou, China",4.9,5.8,"US$ 4,9-5,8 / Pieza (Precio FOB)","Guangzhou Standford Garment Co., Ltd.",Sin ubicación,False,https://es.made-in-china.com/co_cnstandford/product_Top-Quality-Cotton-100-T-Shirt-Polo-Made-in-Guangzhou-China_eyrohrooy.html,Made-in-China,3,2025-05-21
Personaliza tu marca con polo de golf de alta calidad de algodón y poliéster,2.2,3.2,"US$ 2,2-3,2 / pieces (Precio FOB)","Nanchang Hot Fashion Co., Ltd.",Sin ubicación,True,https://es.made-in-china.com/co_rehuosport/product_Custom-Your-Brand-High-Quality-Cotton-Polyester-Golf-Polo_yunogehnng.html,Made-in-China,3,2025-05-21
"Camisetas de golf de tela piqué 100% camisetas de algodón, polos, secado rápido, bordado personalizado, polos sólidos xs para hombres",2.2,4.2,"US$ 2,2-4,2 / piece (Precio FOB)","Fuzhou Ruffonda E-commerce Co., Ltd.",Sin ubicación,True,https://es.made-in-china.com/co_fuzhouruifengda/product_Golf-Shirts-Wear-Pique-Fabric-100-Cotton-T-Shirts-Polo-Shirts-Quick-Dry-Custom-Embroidery-Poloshirts-Solid-Xs-Polos-for-Men_yuuhniyryn.html,Made-in-China,3,2025-05-21
Camisa Polo de Golf de Algodón en Blanco para Bordado de Alta Calidad Personalizada Cuello Alto para Hombre,15.0,35.0,"US$ 15,00-35,00 / Pieza (Precio FOB)","Guangzhou CeWei Technology Co., Ltd",Sin ubicación,True,https://es.made-in-china.com/co_gzcewei/product_Cotton-Golf-Polo-Shirt-Blank-Embroidery-High-Quality-Custom-Turtleneck-Men-s-Polo-Shir_yuhunyyoyg.html,Made-in-China,3,2025-05-21
Camiseta polo de manga corta de algodón poliéster con iones de plata,7.95,9.95,"US$ 7,95-9,95 / Pieza (Precio FOB)","Suzhou DASNO Textile Trading Co., Ltd.",Sin ubicación,False,https://es.made-in-china.com/co_dasno345/product_Silver-Ion-Cotton-Polyester-Short-Sleeve-Polo-T-Shrit_ysuronrsig.html,Made-in-China,3,2025-05-21
Camisa polo de algodón piqué de secado rápido de manga corta directamente de fábrica con logo personalizado,5.9,7.9,"US$ 5,9-7,9 / pc (Precio FOB)","Jiangxi Fitgoo Apparel Co., Ltd.",Sin ubicación,False,https://es.made-in-china.com/co_fitgoo/product_Factory-Direct-Pique-Cotton-Quick-Drying-Short-Sleeve-Polo-Shirt-with-Customized-Logo_yuenuyueeg.html,Made-in-China,3,2025-05-21
75% Camiseta Polo de Golf de Algodón Piqué con Cuello Bicolor para Estudiantes y Adultos,1.0,3.0,"US$ 1,00-3,00 / Pieza (Precio FOB)","Ningbo LY Industry Co., Ltd.",Sin ubicación,True,https://es.made-in-china.com/co_ningboly/product_75-Cotton-Pique-Two-Tone-Collar-T-Shirt-Golf-Polo-for-Students-and-Adults_yuonegging.html,Made-in-China,3,2025-05-21
"Camiseta polo de algodón puro de hombre, de cuello y manga corta, casual de negocios",5.9,6.5,"US$ 5,9-6,5 / Pieza (Precio FOB)",Shenyang Shenhe Yiming Department Stores,Sin ubicación,False,https://es.made-in-china.com/co_yimingstore/product_Men-s-Collar-Short-Sleeved-Business-Casual-Pure-Cotton-T-Shirt-Polo-Shirt_ysreeoiniy.html,Made-in-China,3,2025-05-21
"Impresión o bordado de logotipo personalizado al por mayor para hombres, uniforme liso en blanco 100 de algodón poliéster, camisetas polo de golf por sublimación",2.98,3.99,"US$ 2,98-3,99 / Pieza (Precio FOB)","Guangzhou Vision Clothing Co., Ltd.",Sin ubicación,True,https://es.made-in-china.com/co_unit100/product_Wholesale-Custom-Printing-or-Embroidery-Logo-Men-Uniform-Plain-Blank-100-Cotton-Polyester-Sublimation-Golf-Polo-Shirts_yssyyoyoeg.html,Made-in-China,3,2025-05-21
Polo Casual para Adultos de Algodón Jersey Teñido en Hilo con Cuello Woven de Peso Medio 180GSM Función de Absorción,4.0,5.0,"US$ 4,00-5,00 / pcs (Precio FOB)","Qingdao Chuang Jie Apparel Co., Ltd.",Sin ubicación,False,https://es.made-in-china.com/co_qdchuangjie/product_Wholesale-Yarn-Dyed-Cotton-Jersey-Woven-Collar-Medium-Weight-180GSM-Wicking-Function-Adult-Men-Casual-Polo_ehouseruy.html,Made-in-China,3,2025-05-21
2025 Nueva Polo de Hombre de Algodón Puro Suelto para Conducción de Alta Gama,,,100 Piezas (MOQ),Baoji High-Tech Development Zone Jixulin Clothing Store,Sin ubicación,False,https://es.made-in-china.com/co_jixulin-clothing/product_2025-New-High-End-Commuting-Lapel-Loosepure-Cotton-Men-s-Polo_yuohgrhyng.html,Made-in-China,3,2025-05-21
Polo jersey de algodón promocional bordado con logo personalizado en amarillo y negro con contraste de color,0.5,1.0,"US$ 0,5-1,00 / Pieza (Precio FOB)","Zhenjiang Bossen International Co., Ltd.",Sin ubicación,False,https://es.made-in-china.com/co_bossentextile/product_OEM-Custom-Logo-Embroidered-Printed-Promotional-Yellow-Black-Contrasted-Color-Cotton-Worksheet-Polo-Jersey_ysrghuoesy.html,Made-in-China,3,2025-05-21
Camisa polo de manga larga de algodón piqué con logotipo o marca bordada personalizada,7.0,15.0,"US$ 7,00-15,00 / Pieza (Precio FOB)","Foshan Dopoo Sportswear Co., Ltd.",Sin ubicación,True,https://es.made-in-china.com/co_dopoosports/product_Long-Sleeves-Polo-Shirt-Cotton-Pique-Farbic-Polos-with-Custom-Embroidered-Logo-or-Brand_yssiriugsg.html,Made-in-China,3,2025-05-21
Camisa Polo de Golf Personalizada para Hombres - Mezcla de Algodón,29.8,30.0,"US$ 29,8-30,00 / piece (Precio FOB)","Ningbo Xinmu Clothing Co., Ltd","Zhejiang, China",False,https://es.made-in-china.com/co_nbxmfs/product_Custom-Logo-Golf-Polo-T-Shirt-for-Men-Cotton-Blend_yshernoryy.html,Made-in-China,3,2025-05-21
Polo clásico de algodón personalizado para hombres al por mayor con diseño de logo personalizable,20.0,20.0,"US$ 20,00 / Pieza (Precio FOB)","Faqiao Garments (Shanghai) Co., Ltd.",Sin ubicación,False,https://es.made-in-china.com/co_tailor-made/product_Wholesale-Men-prime-S-Custom-Cotton-Classic-Customizable-Logo-Design-Polo_uoesihniiu.html,Made-in-China,3,2025-05-21
Camisa polo de manga larga de algodón y poliéster personalizada para hombres,4.68,7.89,"US$ 4,68-7,89 / Pieza (Precio FOB)","Guangzhou Colorful Clothing Co., Ltd.",Sin ubicación,False,https://es.made-in-china.com/co_ccolorful/product_Custom-Long-Sleeve-Cotton-Polyester-Polo-T-Shirt-Golf-Polo-for-Men_uonissgrgg.html,Made-in-China,3,2025-05-21
Camisa Polo de Algodón Retro Americana Personalizada 240g para Hombres,7.15,9.15,"US$ 7,15-9,15 / Pieza (Precio FOB)",Zhongshan Hai Lung Garment Company Limited,Sin ubicación,False,https://es.made-in-china.com/co_dragonuniform/product_Custom-240g-American-Retro-Cotton-Polo-Shirt-for-Men_yunhsenyog.html,Made-in-China,3,2025-05-21
"240GSM Camiseta Polo Roja en Blanco para Mujeres y Hombres, Camiseta de Algodón para Hombres",7.08,7.55,"US$ 7,08-7,55 / Pieza (Precio FOB)","Guangzhou City Basic Clothing Co.,Ltd",Sin ubicación,True,https://es.made-in-china.com/co_basicclothing/product_240GSM-Oversized-Blank-Women-Men-Red-Polo-Print-T-Tee-Shirt-Men-Cotton-Pour-Hommes-Polo_yuisurirog.html,Made-in-China,3,2025-05-21
"Camisas tipo polo para hombres con elementos de fútbol y golf, algodón cómodo",6.4,8.8,"US$ 6,4-8,8 / Pieza (Precio FOB)","Guangzhou Overseas Elephant Clothing Co., Ltd.","Guangdong, China",True,https://es.made-in-china.com/co_overseaselephant/product_Men-s-VW-Style-Polo-Shirts-Polo-with-Soccer-Golf-Elements-Comfortable-Cotton_yuosrynegg.html,Made-in-China,4,2025-05-21
Polo de algodón unisex 100% con logo personalizado,0.89,3.29,"US$ 0,89-3,29 / PCS (Precio FOB)","NANCHANG LANGMAI CLOTHING CO., LTD.",Sin ubicación,False,https://es.made-in-china.com/co_langmai/product_Unisex-100-Cotton-Men-Polo-with-Customize-Logo_ysyrgsnisg.html,Made-in-China,4,2025-05-21
Fábrica OEM Popular Camisetas de Algodón para Hombres,4.3,5.0,"US$ 4,3-5,00 / Piece (Precio FOB)","Quanzhou Zonse Garment Co., Ltd.",Sin ubicación,False,https://es.made-in-china.com/co_underwear-zonse/product_OEM-Factory-Popular-Mens-Cotton-Polos_yshyrynhsg.html,Made-in-China,4,2025-05-21
"Camisetas de algodón 100% de alta calidad para hombres, camisetas pesadas y de gran tamaño, impresión de polos personalizados para hombres",3.73,5.59,"US$ 3,73-5,59 / pcs (Precio FOB)","Ganzhou Yunshen Trading Co., Ltd",Sin ubicación,False,https://es.made-in-china.com/co_yunshengarments/product_High-Quality-100-Cotton-Blank-Men-s-T-Shirts-Heavyweight-Oversized-Tshirt-Printing-Custom-Polos-for-Men_ysrniiegny.html,Made-in-China,4,2025-05-21
Logos personalizados para el polo de golf de secado rápido Slim-Fit para hombre,2.98,10.31,"US$ 2,98-10,31 / Pieza (Precio FOB)","Yancheng Chimei Apparel Co., Ltd.",Sin ubicación,True,https://es.made-in-china.com/co_chimei/product_Custom-Wholesale-Cotton-Pique-Men-Durable-Polo-Shirt_yuhrhoyihg.html,Made-in-China,4,2025-05-21
Camisa polo de algodón clásico a rayas de colores para hombres y mujeres,7.23,7.23,"US$ 7,23 / pieces (Precio FOB)","Yangxi County Huang Guanzhi Manufacturing Clothing Co., Ltd.","Guangdong, China",True,https://es.made-in-china.com/co_huangguanhat/product_Classic-Cotton-Color-Block-Polo-Shirt-for-Men-and-Women_yurryheurg.html,Made-in-China,4,2025-05-21
"Camisas de polo casuales para hombres al por mayor, de talla grande, de manga corta, transpirables, camisas deportivas de alta calidad, de poliéster y algodón, camisas de polo de gran tamaño",3.8,7.8,"US$ 3,8-7,8 / Pieza (Precio FOB)",Fushun Nxcaps Clothing Company Limited,Sin ubicación,True,https://es.made-in-china.com/co_fscaps/product_Wholesale-Casual-Men-s-Polo-Shirts-Plus-Size-Short-Sleeve-Breathable-Sports-Shirts-High-Quality-Polyester-Cotton-Oversized-Polo-Shirts_ysrhyerney.html,Made-in-China,4,2025-05-21
Diseño de Logo Personalizado para Uniforme de Golf 95% Camisa Polo de Algodón 5% Spandex,4.0,8.0,"US$ 4,00-8,00 / Pieza (Precio FOB)",Yancheng City Zhou Chi Imp. & Exp. Co. Ltd.,Sin ubicación,True,https://es.made-in-china.com/co_zhouchi888/product_Custom-Print-Logo-Design-Golf-Uniform-95-Cotton-5-Sapndex-Polo-Shirt_uooosrrueg.html,Made-in-China,4,2025-05-21
"100%Cotton Ropa de trabajo de supermercado Pique, uniforme de centro comercial, traje, polo",4.0,10.0,"US$ 4,00-10,00 / Set (Precio FOB)","Nuolang (Guangdong) Garment Industry Co., Ltd.",Sin ubicación,True,https://es.made-in-china.com/co_nuolang2021/product_100-Cotton-Pique-Supermarket-Work-Wear-Clothing-Shopping-Mall-Uniform-Clothes-Suit-Polo_uonseernog.html,Made-in-China,4,2025-05-21
Camiseta polo de algodón oversize para niños y niñas de moda OEM,3.2,3.8,"US$ 3,2-3,8 / Pieza (Precio FOB)","Jonny(Guangzhou) Clothing Co., Ltd.",Sin ubicación,True,https://es.made-in-china.com/co_chinaxinyu/product_OEM-Fashion-Boys-Girls-Cotton-Oversize-Polo-Shirt_yssgshgohg.html,Made-in-China,4,2025-05-21
Venta Caliente 100% Camisa Polo de Hombre de Manga Corta de Tela de Algodón Transpirable a Rayas Rugosas Ropa de Negocios Camiseta Polo con Logo Personalizado,3.49,7.29,"US$ 3,49-7,29 / Pieza (Precio FOB)","Jiangxi Greenland Import and Export Co., Ltd.",Sin ubicación,True,https://es.made-in-china.com/co_greenlandclothing/product_Hot-Sale-100-Cotton-Breathable-Fabric-Short-Sleeve-Rough-Striped-Men-Polo-Shirt-Business-Wear-Custom-Logo-Polo_ouighhnig.html,Made-in-China,4,2025-05-21
Sudadera con Capucha Polo Personalizada 100%Cotton Sudadera Polo con Media Cremallera para Hombre Sudadera Polo con Cremallera Cuartas para Hombre Polos Deportivos con Cremallera para Hombre,6.5,9.0,"US$ 6,5-9,00 / Pieza (Precio FOB)",Guangzhou New Apparel Trade Company Limited,Sin ubicación,True,https://es.made-in-china.com/co_newapparel/product_Custom-Logo-100-Cotton-Polo-Zip-Sweatshirt-Hoodie-Men-Half-Zip-up-Men-Polo-Sweatshirt-Quarter-Zip-Sports-Polos-Zipper-Polo-Men_ysnurrusuy.html,Made-in-China,4,2025-05-21
"La más alta calidad 100% algodón Camiseta Polo en Guangzhou, China",4.9,5.8,"US$ 4,9-5,8 / Pieza (Precio FOB)","Guangzhou Standford Garment Co., Ltd.",Sin ubicación,False,https://es.made-in-china.com/co_cnstandford/product_Top-Quality-Cotton-100-T-Shirt-Polo-Made-in-Guangzhou-China_eyrohrooy.html,Made-in-China,4,2025-05-21
Personaliza tu marca con polo de golf de alta calidad de algodón y poliéster,2.2,3.2,"US$ 2,2-3,2 / pieces (Precio FOB)","Nanchang Hot Fashion Co., Ltd.",Sin ubicación,True,https://es.made-in-china.com/co_rehuosport/product_Custom-Your-Brand-High-Quality-Cotton-Polyester-Golf-Polo_yunogehnng.html,Made-in-China,4,2025-05-21
"Camisetas de golf de tela piqué 100% camisetas de algodón, polos, secado rápido, bordado personalizado, polos sólidos xs para hombres",2.2,4.2,"US$ 2,2-4,2 / piece (Precio FOB)","Fuzhou Ruffonda E-commerce Co., Ltd.",Sin ubicación,True,https://es.made-in-china.com/co_fuzhouruifengda/product_Golf-Shirts-Wear-Pique-Fabric-100-Cotton-T-Shirts-Polo-Shirts-Quick-Dry-Custom-Embroidery-Poloshirts-Solid-Xs-Polos-for-Men_yuuhniyryn.html,Made-in-China,4,2025-05-21
Camisa Polo de Golf de Algodón en Blanco para Bordado de Alta Calidad Personalizada Cuello Alto para Hombre,15.0,35.0,"US$ 15,00-35,00 / Pieza (Precio FOB)","Guangzhou CeWei Technology Co., Ltd",Sin ubicación,True,https://es.made-in-china.com/co_gzcewei/product_Cotton-Golf-Polo-Shirt-Blank-Embroidery-High-Quality-Custom-Turtleneck-Men-s-Polo-Shir_yuhunyyoyg.html,Made-in-China,4,2025-05-21
Camiseta polo de manga corta de algodón poliéster con iones de plata,7.95,9.95,"US$ 7,95-9,95 / Pieza (Precio FOB)","Suzhou DASNO Textile Trading Co., Ltd.",Sin ubicación,False,https://es.made-in-china.com/co_dasno345/product_Silver-Ion-Cotton-Polyester-Short-Sleeve-Polo-T-Shrit_ysuronrsig.html,Made-in-China,4,2025-05-21
Camisa polo de algodón piqué de secado rápido de manga corta directamente de fábrica con logo personalizado,5.9,7.9,"US$ 5,9-7,9 / pc (Precio FOB)","Jiangxi Fitgoo Apparel Co., Ltd.",Sin ubicación,False,https://es.made-in-china.com/co_fitgoo/product_Factory-Direct-Pique-Cotton-Quick-Drying-Short-Sleeve-Polo-Shirt-with-Customized-Logo_yuenuyueeg.html,Made-in-China,4,2025-05-21
75% Camiseta Polo de Golf de Algodón Piqué con Cuello Bicolor para Estudiantes y Adultos,1.0,3.0,"US$ 1,00-3,00 / Pieza (Precio FOB)","Ningbo LY Industry Co., Ltd.",Sin ubicación,True,https://es.made-in-china.com/co_ningboly/product_75-Cotton-Pique-Two-Tone-Collar-T-Shirt-Golf-Polo-for-Students-and-Adults_yuonegging.html,Made-in-China,4,2025-05-21
"Camiseta polo de algodón puro de hombre, de cuello y manga corta, casual de negocios",5.9,6.5,"US$ 5,9-6,5 / Pieza (Precio FOB)",Shenyang Shenhe Yiming Department Stores,Sin ubicación,False,https://es.made-in-china.com/co_yimingstore/product_Men-s-Collar-Short-Sleeved-Business-Casual-Pure-Cotton-T-Shirt-Polo-Shirt_ysreeoiniy.html,Made-in-China,4,2025-05-21
"Impresión o bordado de logotipo personalizado al por mayor para hombres, uniforme liso en blanco 100 de algodón poliéster, camisetas polo de golf por sublimación",2.98,3.99,"US$ 2,98-3,99 / Pieza (Precio FOB)","Guangzhou Vision Clothing Co., Ltd.",Sin ubicación,True,https://es.made-in-china.com/co_unit100/product_Wholesale-Custom-Printing-or-Embroidery-Logo-Men-Uniform-Plain-Blank-100-Cotton-Polyester-Sublimation-Golf-Polo-Shirts_yssyyoyoeg.html,Made-in-China,4,2025-05-21
Polo Casual para Adultos de Algodón Jersey Teñido en Hilo con Cuello Woven de Peso Medio 180GSM Función de Absorción,4.0,5.0,"US$ 4,00-5,00 / pcs (Precio FOB)","Qingdao Chuang Jie Apparel Co., Ltd.",Sin ubicación,False,https://es.made-in-china.com/co_qdchuangjie/product_Wholesale-Yarn-Dyed-Cotton-Jersey-Woven-Collar-Medium-Weight-180GSM-Wicking-Function-Adult-Men-Casual-Polo_ehouseruy.html,Made-in-China,4,2025-05-21
2025 Nueva Polo de Hombre de Algodón Puro Suelto para Conducción de Alta Gama,,,100 Piezas (MOQ),Baoji High-Tech Development Zone Jixulin Clothing Store,Sin ubicación,False,https://es.made-in-china.com/co_jixulin-clothing/product_2025-New-High-End-Commuting-Lapel-Loosepure-Cotton-Men-s-Polo_yuohgrhyng.html,Made-in-China,4,2025-05-21
Polo jersey de algodón promocional bordado con logo personalizado en amarillo y negro con contraste de color,0.5,1.0,"US$ 0,5-1,00 / Pieza (Precio FOB)","Zhenjiang Bossen International Co., Ltd.",Sin ubicación,False,https://es.made-in-china.com/co_bossentextile/product_OEM-Custom-Logo-Embroidered-Printed-Promotional-Yellow-Black-Contrasted-Color-Cotton-Worksheet-Polo-Jersey_ysrghuoesy.html,Made-in-China,4,2025-05-21
Camisa polo de manga larga de algodón piqué con logotipo o marca bordada personalizada,7.0,15.0,"US$ 7,00-15,00 / Pieza (Precio FOB)","Foshan Dopoo Sportswear Co., Ltd.",Sin ubicación,True,https://es.made-in-china.com/co_dopoosports/product_Long-Sleeves-Polo-Shirt-Cotton-Pique-Farbic-Polos-with-Custom-Embroidered-Logo-or-Brand_yssiriugsg.html,Made-in-China,4,2025-05-21
Camisa Polo de Golf Personalizada para Hombres - Mezcla de Algodón,29.8,30.0,"US$ 29,8-30,00 / piece (Precio FOB)","Ningbo Xinmu Clothing Co., Ltd","Zhejiang, China",False,https://es.made-in-china.com/co_nbxmfs/product_Custom-Logo-Golf-Polo-T-Shirt-for-Men-Cotton-Blend_yshernoryy.html,Made-in-China,4,2025-05-21
Polo clásico de algodón personalizado para hombres al por mayor con diseño de logo personalizable,20.0,20.0,"US$ 20,00 / Pieza (Precio FOB)","Faqiao Garments (Shanghai) Co., Ltd.",Sin ubicación,False,https://es.made-in-china.com/co_tailor-made/product_Wholesale-Men-prime-S-Custom-Cotton-Classic-Customizable-Logo-Design-Polo_uoesihniiu.html,Made-in-China,4,2025-05-21
Camisa polo de manga larga de algodón y poliéster personalizada para hombres,4.68,7.89,"US$ 4,68-7,89 / Pieza (Precio FOB)","Guangzhou Colorful Clothing Co., Ltd.",Sin ubicación,False,https://es.made-in-china.com/co_ccolorful/product_Custom-Long-Sleeve-Cotton-Polyester-Polo-T-Shirt-Golf-Polo-for-Men_uonissgrgg.html,Made-in-China,4,2025-05-21
Camisa Polo de Algodón Retro Americana Personalizada 240g para Hombres,7.15,9.15,"US$ 7,15-9,15 / Pieza (Precio FOB)",Zhongshan Hai Lung Garment Company Limited,Sin ubicación,False,https://es.made-in-china.com/co_dragonuniform/product_Custom-240g-American-Retro-Cotton-Polo-Shirt-for-Men_yunhsenyog.html,Made-in-China,4,2025-05-21
"240GSM Camiseta Polo Roja en Blanco para Mujeres y Hombres, Camiseta de Algodón para Hombres",7.08,7.55,"US$ 7,08-7,55 / Pieza (Precio FOB)","Guangzhou City Basic Clothing Co.,Ltd",Sin ubicación,True,https://es.made-in-china.com/co_basicclothing/product_240GSM-Oversized-Blank-Women-Men-Red-Polo-Print-T-Tee-Shirt-Men-Cotton-Pour-Hommes-Polo_yuisurirog.html,Made-in-China,4,2025-05-21
